segment_id,corridor,corridor_label,midpoint_lon,midpoint_lat,aadt,ev_daily_vehicles,nearest_substation_miles,interchange_count,ev_demand_score,visibility_score,geometry_score,weather_score,safety_score,speed_score,power_score,interchange_score,composite_score,pilot_rank
SEG_058,I-64_STLCHI,I-64 STL-CHI,-89.0068,40.125,55323,1770,2.621522673329435,1,100.000000000000000000,46.100000000000000000,77.5,54.6,82.8,95.5,86.9,90.000000000000000000,75.42,1
SEG_007,I-70_STLKC,I-70 STL-KC,-91.295,38.7475,72155,6638,2.7561701667961462,4,100.000000000000000000,60.100000000000000000,77.5,81.5,66.3,100.0,86.2,60.000000000000000000,73.99,2
SEG_094,I-80_STLCHI,I-80 CHI-END,-88.0892,41.6653,55063,3854,4.676496553382636,3,100.000000000000000000,45.900000000000000000,91.0,33.5,84.8,100.0,76.6,70.000000000000000000,72.03,3
SEG_073,I-57_STLCHI,I-57 STL-CHI,-88.8925,39.275,69560,6956,7.281658837224454,5,100.000000000000000000,58.000000000000000000,86.8,72.5,74.6,100.0,63.6,50.000000000000000000,71.39,4
